neuron,mean_activation,max_activation,active_fraction,is_dead,is_too_rare,is_always_on,is_usable
0,0.01908347,0.07575284,0.9273333333333333,False,False,False,True
1,0.0,0.0,0.0,True,True,False,False
2,0.017728278,0.06544478,0.9376666666666666,False,False,False,True
3,0.0,0.0,0.0,True,True,False,False
4,0.0,0.0,0.0,True,True,False,False
5,0.015903218,0.059541017,0.9246666666666666,False,False,False,True
6,0.009786152,0.049516197,0.9133333333333333,False,False,False,True
7,0.0,0.0,0.0,True,True,False,False
8,0.0,0.0,0.0,True,True,False,False
9,0.0,0.0,0.0,True,True,False,False
10,0.0,0.0,0.0,True,True,False,False
11,0.0,0.0,0.0,True,True,False,False
12,0.0,0.0,0.0,True,True,False,False
13,0.0,0.0,0.0,True,True,False,False
14,0.0,0.0,0.0,True,True,False,False
15,0.0,0.0,0.0,True,True,False,False
16,0.0,0.0,0.0,True,True,False,False
17,0.0,0.0,0.0,True,True,False,False
18,0.0,0.0,0.0,True,True,False,False
19,0.014363601,0.056384087,0.9203333333333333,False,False,False,True
20,0.0,0.0,0.0,True,True,False,False
21,0.032444566,0.11133179,0.9746666666666667,False,False,False,True
22,0.0,0.0,0.0,True,True,False,False
23,0.0,0.0,0.0,True,True,False,False
24,0.0,0.0,0.0,True,True,False,False
25,0.0,0.0,0.0,True,True,False,False
26,0.0,0.0,0.0,True,True,False,False
27,0.0,0.0,0.0,True,True,False,False
28,0.0,0.0,0.0,True,True,False,False
29,0.0,0.0,0.0,True,True,False,False
30,0.0,0.0,0.0,True,True,False,False
31,0.0,0.0,0.0,True,True,False,False
32,0.0,0.0,0.0,True,True,False,False
33,0.0,0.0,0.0,True,True,False,False
34,0.0,0.0,0.0,True,True,False,False
35,0.0,0.0,0.0,True,True,False,False
36,0.020796958,0.05036462,0.926,False,False,False,True
37,0.0,0.0,0.0,True,True,False,False
38,0.0,0.0,0.0,True,True,False,False
39,0.0,0.0,0.0,True,True,False,False
40,0.0,0.0,0.0,True,True,False,False
41,0.01905327,0.07959624,0.947,False,False,False,True
42,0.0,0.0,0.0,True,True,False,False
43,0.0,0.0,0.0,True,True,False,False
44,0.0,0.0,0.0,True,True,False,False
45,0.0,0.0,0.0,True,True,False,False
46,0.0,0.0,0.0,True,True,False,False
47,0.0,0.0,0.0,True,True,False,False
48,0.0,0.0,0.0,True,True,False,False
49,0.022623321,0.09319485,0.9623333333333334,False,False,False,True
50,0.0,0.0,0.0,True,True,False,False
51,0.0,0.0,0.0,True,True,False,False
52,0.0,0.0,0.0,True,True,False,False
53,0.012877923,0.061918184,0.926,False,False,False,True
54,0.0,0.0,0.0,True,True,False,False
55,0.0,0.0,0.0,True,True,False,False
56,0.0,0.0,0.0,True,True,False,False
57,0.0,0.0,0.0,True,True,False,False
58,0.0,0.0,0.0,True,True,False,False
59,0.01774631,0.07645806,0.9316666666666666,False,False,False,True
60,0.0,0.0,0.0,True,True,False,False
61,0.0,0.0,0.0,True,True,False,False
62,0.029227426,0.09961833,0.9643333333333334,False,False,False,True
63,0.0,0.0,0.0,True,True,False,False
64,0.01664449,0.08879169,0.9266666666666666,False,False,False,True
65,0.0,0.0,0.0,True,True,False,False
66,0.0,0.0,0.0,True,True,False,False
67,0.0,0.0,0.0,True,True,False,False
68,0.021245144,0.08698139,0.937,False,False,False,True
69,0.0,0.0,0.0,True,True,False,False
70,0.017879928,0.06600676,0.9216666666666666,False,False,False,True
71,0.015352271,0.06135796,0.914,False,False,False,True
72,0.0,0.0,0.0,True,True,False,False
73,0.0,0.0,0.0,True,True,False,False
74,0.0,0.0,0.0,True,True,False,False
75,0.0,0.0,0.0,True,True,False,False
76,0.0,0.0,0.0,True,True,False,False
77,0.0,0.0,0.0,True,True,False,False
78,0.0,0.0,0.0,True,True,False,False
79,0.0,0.0,0.0,True,True,False,False
80,0.0,0.0,0.0,True,True,False,False
81,0.0,0.0,0.0,True,True,False,False
82,0.007146511,0.04467162,0.8383333333333334,False,False,False,True
83,0.0,0.0,0.0,True,True,False,False
84,0.0,0.0,0.0,True,True,False,False
85,0.0,0.0,0.0,True,True,False,False
86,0.0,0.0,0.0,True,True,False,False
87,0.01788789,0.060472578,0.9316666666666666,False,False,False,True
88,0.0,0.0,0.0,True,True,False,False
89,0.025020925,0.09402448,0.957,False,False,False,True
90,0.012862132,0.076915555,0.926,False,False,False,True
91,0.0,0.0,0.0,True,True,False,False
92,0.0177004,0.07129111,0.941,False,False,False,True
93,0.0,0.0,0.0,True,True,False,False
94,0.0,0.0,0.0,True,True,False,False
95,0.0,0.0,0.0,True,True,False,False
96,0.0,0.0,0.0,True,True,False,False
97,2.1028816e-05,0.029609082,0.0026666666666666666,False,True,False,False
98,0.0,0.0,0.0,True,True,False,False
99,0.0,0.0,0.0,True,True,False,False
100,0.019553287,0.056325603,0.9533333333333334,False,False,False,True
101,0.0,0.0,0.0,True,True,False,False
102,0.0,0.0,0.0,True,True,False,False
103,0.0,0.0,0.0,True,True,False,False
104,0.0,0.0,0.0,True,True,False,False
105,0.01640762,0.06984162,0.9203333333333333,False,False,False,True
106,0.0,0.0,0.0,True,True,False,False
107,0.014608335,0.052138127,0.913,False,False,False,True
108,0.0,0.0,0.0,True,True,False,False
109,0.0,0.0,0.0,True,True,False,False
110,0.0,0.0,0.0,True,True,False,False
111,0.0,0.0,0.0,True,True,False,False
112,0.0,0.0,0.0,True,True,False,False
113,0.021279661,0.06309539,0.947,False,False,False,True
114,0.0,0.0,0.0,True,True,False,False
115,0.0,0.0,0.0,True,True,False,False
116,0.0,0.0,0.0,True,True,False,False
117,0.0,0.0,0.0,True,True,False,False
118,0.021522496,0.08809467,0.95,False,False,False,True
119,0.011960325,0.05863185,0.909,False,False,False,True
120,0.011877786,0.059732318,0.9043333333333333,False,False,False,True
121,0.0,0.0,0.0,True,True,False,False
122,0.0,0.0,0.0,True,True,False,False
123,0.0,0.0,0.0,True,True,False,False
124,0.014489135,0.058180567,0.9053333333333333,False,False,False,True
125,0.0,0.0,0.0,True,True,False,False
126,0.016243896,0.0712823,0.9356666666666666,False,False,False,True
127,0.016218828,0.072765425,0.9323333333333333,False,False,False,True
128,0.0,0.0,0.0,True,True,False,False
129,0.014706969,0.08036445,0.9216666666666666,False,False,False,True
130,0.0,0.0,0.0,True,True,False,False
131,0.0,0.0,0.0,True,True,False,False
132,0.0,0.0,0.0,True,True,False,False
133,0.0,0.0,0.0,True,True,False,False
134,0.020090895,0.07387385,0.9393333333333334,False,False,False,True
135,0.0,0.0,0.0,True,True,False,False
136,0.0,0.0,0.0,True,True,False,False
137,0.0,0.0,0.0,True,True,False,False
138,0.0,0.0,0.0,True,True,False,False
139,0.01389233,0.069796525,0.9153333333333333,False,False,False,True
140,0.0,0.0,0.0,True,True,False,False
141,0.0,0.0,0.0,True,True,False,False
142,0.0,0.0,0.0,True,True,False,False
143,0.0,0.0,0.0,True,True,False,False
144,0.0,0.0,0.0,True,True,False,False
145,0.0,0.0,0.0,True,True,False,False
146,0.0,0.0,0.0,True,True,False,False
147,0.0,0.0,0.0,True,True,False,False
148,0.023940569,0.086313285,0.94,False,False,False,True
149,0.0,0.0,0.0,True,True,False,False
150,0.0,0.0,0.0,True,True,False,False
151,0.03460724,0.10094545,0.976,False,False,False,True
152,0.0117030945,0.047023445,0.9063333333333333,False,False,False,True
153,0.01412102,0.046204064,0.9356666666666666,False,False,False,True
154,0.0,0.0,0.0,True,True,False,False
155,0.015313549,0.057707585,0.937,False,False,False,True
156,0.013780688,0.06765191,0.901,False,False,False,True
157,0.0,0.0,0.0,True,True,False,False
158,0.0,0.0,0.0,True,True,False,False
159,0.0,0.0,0.0,True,True,False,False
160,0.0,0.0,0.0,True,True,False,False
161,0.0,0.0,0.0,True,True,False,False
162,0.0,0.0,0.0,True,True,False,False
163,0.0,0.0,0.0,True,True,False,False
164,0.009592616,0.05881432,0.892,False,False,False,True
165,0.019110238,0.07775441,0.9506666666666667,False,False,False,True
166,0.011007351,0.05812306,0.9123333333333333,False,False,False,True
167,0.11067809,0.25333315,0.997,False,False,True,False
168,0.0,0.0,0.0,True,True,False,False
169,0.0,0.0,0.0,True,True,False,False
170,0.0,0.0,0.0,True,True,False,False
171,0.0,0.0,0.0,True,True,False,False
172,0.0,0.0,0.0,True,True,False,False
173,0.0,0.0,0.0,True,True,False,False
174,0.0,0.0,0.0,True,True,False,False
175,0.0,0.0,0.0,True,True,False,False
176,0.0,0.0,0.0,True,True,False,False
177,0.0,0.0,0.0,True,True,False,False
178,0.017293086,0.097776756,0.9453333333333334,False,False,False,True
179,0.0,0.0,0.0,True,True,False,False
180,0.0,0.0,0.0,True,True,False,False
181,0.0,0.0,0.0,True,True,False,False
182,0.017794492,0.06565266,0.9203333333333333,False,False,False,True
183,0.0,0.0,0.0,True,True,False,False
184,0.01615029,0.06932768,0.9376666666666666,False,False,False,True
185,0.0,0.0,0.0,True,True,False,False
186,0.0,0.0,0.0,True,True,False,False
187,0.0,0.0,0.0,True,True,False,False
188,0.013970762,0.07413096,0.942,False,False,False,True
189,0.02886204,0.08246689,0.9716666666666667,False,False,False,True
190,0.008260762,0.041713785,0.8606666666666667,False,False,False,True
191,0.008638633,0.045061298,0.882,False,False,False,True
192,0.014734125,0.05554584,0.938,False,False,False,True
193,0.0,0.0,0.0,True,True,False,False
194,0.0,0.0,0.0,True,True,False,False
195,0.0,0.0,0.0,True,True,False,False
196,0.0,0.0,0.0,True,True,False,False
197,0.017652387,0.07867853,0.9196666666666666,False,False,False,True
198,0.0,0.0,0.0,True,True,False,False
199,0.0,0.0,0.0,True,True,False,False
200,0.015007293,0.058579553,0.9306666666666666,False,False,False,True
201,0.014903844,0.045574635,0.9423333333333334,False,False,False,True
202,0.0,0.0,0.0,True,True,False,False
203,0.0,0.0,0.0,True,True,False,False
204,0.0,0.0,0.0,True,True,False,False
205,0.0,0.0,0.0,True,True,False,False
206,0.0,0.0,0.0,True,True,False,False
207,0.0,0.0,0.0,True,True,False,False
208,0.018050509,0.095022075,0.9446666666666667,False,False,False,True
209,0.0,0.0,0.0,True,True,False,False
210,0.0,0.0,0.0,True,True,False,False
211,0.0,0.0,0.0,True,True,False,False
212,0.0,0.0,0.0,True,True,False,False
213,0.0,0.0,0.0,True,True,False,False
214,0.0,0.0,0.0,True,True,False,False
215,0.0,0.0,0.0,True,True,False,False
216,0.0,0.0,0.0,True,True,False,False
217,0.0,0.0,0.0,True,True,False,False
218,0.021518653,0.086704075,0.948,False,False,False,True
219,0.0,0.0,0.0,True,True,False,False
220,0.0,0.0,0.0,True,True,False,False
221,0.0,0.0,0.0,True,True,False,False
222,0.0,0.0,0.0,True,True,False,False
223,0.022653956,0.088893756,0.9543333333333334,False,False,False,True
224,0.0,0.0,0.0,True,True,False,False
225,0.0,0.0,0.0,True,True,False,False
226,0.0,0.0,0.0,True,True,False,False
227,0.0,0.0,0.0,True,True,False,False
228,0.01712284,0.07799125,0.9423333333333334,False,False,False,True
229,0.0,0.0,0.0,True,True,False,False
230,0.011613501,0.05673854,0.903,False,False,False,True
231,0.0,0.0,0.0,True,True,False,False
232,0.015010055,0.057974607,0.9276666666666666,False,False,False,True
233,0.0,0.0,0.0,True,True,False,False
234,0.0,0.0,0.0,True,True,False,False
235,0.0,0.0,0.0,True,True,False,False
236,0.0,0.0,0.0,True,True,False,False
237,0.0,0.0,0.0,True,True,False,False
238,0.030774256,0.10064955,0.9626666666666667,False,False,False,True
239,0.0,0.0,0.0,True,True,False,False
240,0.012579974,0.0777847,0.9336666666666666,False,False,False,True
241,0.0,0.0,0.0,True,True,False,False
242,0.0,0.0,0.0,True,True,False,False
243,0.0,0.0,0.0,True,True,False,False
244,0.0,0.0,0.0,True,True,False,False
245,0.0,0.0,0.0,True,True,False,False
246,0.0,0.0,0.0,True,True,False,False
247,0.0,0.0,0.0,True,True,False,False
248,0.0,0.0,0.0,True,True,False,False
249,0.0,0.0,0.0,True,True,False,False
250,0.0,0.0,0.0,True,True,False,False
251,0.0,0.0,0.0,True,True,False,False
252,0.014741543,0.061098628,0.9403333333333334,False,False,False,True
253,0.0,0.0,0.0,True,True,False,False
254,0.012308667,0.05154489,0.9096666666666666,False,False,False,True
255,0.0,0.0,0.0,True,True,False,False
256,0.0,0.0,0.0,True,True,False,False
257,0.023544611,0.08057067,0.9483333333333334,False,False,False,True
258,0.0,0.0,0.0,True,True,False,False
259,0.0,0.0,0.0,True,True,False,False
260,0.0,0.0,0.0,True,True,False,False
261,0.0,0.0,0.0,True,True,False,False
262,0.0,0.0,0.0,True,True,False,False
263,0.0,0.0,0.0,True,True,False,False
264,0.0,0.0,0.0,True,True,False,False
265,0.0,0.0,0.0,True,True,False,False
266,0.0,0.0,0.0,True,True,False,False
267,0.0,0.0,0.0,True,True,False,False
268,0.0,0.0,0.0,True,True,False,False
269,0.0,0.0,0.0,True,True,False,False
270,0.018450433,0.07449447,0.9436666666666667,False,False,False,True
271,0.0,0.0,0.0,True,True,False,False
272,0.0,0.0,0.0,True,True,False,False
273,0.0,0.0,0.0,True,True,False,False
274,0.0,0.0,0.0,True,True,False,False
275,0.013045959,0.059256565,0.9113333333333333,False,False,False,True
276,0.0,0.0,0.0,True,True,False,False
277,0.0,0.0,0.0,True,True,False,False
278,0.0,0.0,0.0,True,True,False,False
279,0.0,0.0,0.0,True,True,False,False
280,0.0,0.0,0.0,True,True,False,False
281,0.0154850455,0.07566412,0.9303333333333333,False,False,False,True
282,0.017813534,0.07269657,0.951,False,False,False,True
283,0.0,0.0,0.0,True,True,False,False
284,0.0,0.0,0.0,True,True,False,False
285,0.012373044,0.058479942,0.9226666666666666,False,False,False,True
286,0.0,0.0,0.0,True,True,False,False
287,0.0,0.0,0.0,True,True,False,False
288,0.0,0.0,0.0,True,True,False,False
289,0.0,0.0,0.0,True,True,False,False
290,0.0,0.0,0.0,True,True,False,False
291,0.0,0.0,0.0,True,True,False,False
292,0.022190044,0.09850226,0.9443333333333334,False,False,False,True
293,0.0,0.0,0.0,True,True,False,False
294,0.0,0.0,0.0,True,True,False,False
295,0.0,0.0,0.0,True,True,False,False
296,0.0,0.0,0.0,True,True,False,False
297,0.025847293,0.10174338,0.949,False,False,False,True
298,0.0,0.0,0.0,True,True,False,False
299,0.013296374,0.0607995,0.908,False,False,False,True
300,0.00974144,0.046085045,0.9233333333333333,False,False,False,True
301,0.0,0.0,0.0,True,True,False,False
302,0.0,0.0,0.0,True,True,False,False
303,0.0,0.0,0.0,True,True,False,False
304,0.0,0.0,0.0,True,True,False,False
305,0.0,0.0,0.0,True,True,False,False
306,0.0,0.0,0.0,True,True,False,False
307,0.0,0.0,0.0,True,True,False,False
308,0.0,0.0,0.0,True,True,False,False
309,0.0,0.0,0.0,True,True,False,False
310,0.0,0.0,0.0,True,True,False,False
311,0.0,0.0,0.0,True,True,False,False
312,0.020249726,0.084221914,0.9443333333333334,False,False,False,True
313,0.0,0.0,0.0,True,True,False,False
314,0.0,0.0,0.0,True,True,False,False
315,0.0,0.0,0.0,True,True,False,False
316,0.0,0.0,0.0,True,True,False,False
317,0.01027711,0.084408306,0.8866666666666667,False,False,False,True
318,0.03804665,0.09193574,0.983,False,False,True,False
319,0.0,0.0,0.0,True,True,False,False
320,0.018165773,0.067747146,0.9373333333333334,False,False,False,True
321,0.0,0.0,0.0,True,True,False,False
322,0.0,0.0,0.0,True,True,False,False
323,0.0,0.0,0.0,True,True,False,False
324,0.0,0.0,0.0,True,True,False,False
325,0.0,0.0,0.0,True,True,False,False
326,0.0,0.0,0.0,True,True,False,False
327,0.0,0.0,0.0,True,True,False,False
328,0.015132753,0.05586838,0.936,False,False,False,True
329,0.0,0.0,0.0,True,True,False,False
330,0.0,0.0,0.0,True,True,False,False
331,0.0,0.0,0.0,True,True,False,False
332,0.0,0.0,0.0,True,True,False,False
333,0.0,0.0,0.0,True,True,False,False
334,0.16893645,0.38841528,0.9976666666666667,False,False,True,False
335,0.018058967,0.08175169,0.939,False,False,False,True
336,0.018470276,0.065108895,0.955,False,False,False,True
337,0.029971233,0.08560862,0.963,False,False,False,True
338,0.0,0.0,0.0,True,True,False,False
339,0.0,0.0,0.0,True,True,False,False
340,0.0,0.0,0.0,True,True,False,False
341,0.0,0.0,0.0,True,True,False,False
342,0.011471564,0.04531133,0.9113333333333333,False,False,False,True
343,0.0,0.0,0.0,True,True,False,False
344,0.0,0.0,0.0,True,True,False,False
345,0.022016838,0.07149989,0.9436666666666667,False,False,False,True
346,0.0,0.0,0.0,True,True,False,False
347,0.0,0.0,0.0,True,True,False,False
348,0.0,0.0,0.0,True,True,False,False
349,0.0,0.0,0.0,True,True,False,False
350,0.0,0.0,0.0,True,True,False,False
351,0.025092479,0.06908907,0.957,False,False,False,True
352,0.017137734,0.078378715,0.952,False,False,False,True
353,0.0,0.0,0.0,True,True,False,False
354,0.0,0.0,0.0,True,True,False,False
355,0.0,0.0,0.0,True,True,False,False
356,0.0,0.0,0.0,True,True,False,False
357,0.0,0.0,0.0,True,True,False,False
358,0.0,0.0,0.0,True,True,False,False
359,0.0,0.0,0.0,True,True,False,False
360,0.013128151,0.05133036,0.936,False,False,False,True
361,0.0,0.0,0.0,True,True,False,False
362,0.0,0.0,0.0,True,True,False,False
363,0.0151762795,0.0744315,0.9326666666666666,False,False,False,True
364,0.00011761868,0.031913616,0.019333333333333334,False,False,False,True
365,0.0,0.0,0.0,True,True,False,False
366,0.0,0.0,0.0,True,True,False,False
367,0.08836691,0.26177248,0.9943333333333333,False,False,True,False
368,0.039806634,0.088778205,0.9666666666666667,False,False,False,True
369,0.0,0.0,0.0,True,True,False,False
370,0.0,0.0,0.0,True,True,False,False
371,0.0,0.0,0.0,True,True,False,False
372,0.0,0.0,0.0,True,True,False,False
373,0.0220851,0.09319289,0.952,False,False,False,True
374,0.0,0.0,0.0,True,True,False,False
375,0.0,0.0,0.0,True,True,False,False
376,0.029267553,0.12471922,0.9636666666666667,False,False,False,True
377,0.0,0.0,0.0,True,True,False,False
378,0.0,0.0,0.0,True,True,False,False
379,0.0,0.0,0.0,True,True,False,False
380,0.014815258,0.06407396,0.9246666666666666,False,False,False,True
381,0.0,0.0,0.0,True,True,False,False
382,0.018212097,0.07678445,0.943,False,False,False,True
383,0.0,0.0,0.0,True,True,False,False
384,0.015574126,0.0863239,0.911,False,False,False,True
385,0.0,0.0,0.0,True,True,False,False
386,0.0,0.0,0.0,True,True,False,False
387,0.0,0.0,0.0,True,True,False,False
388,0.0,0.0,0.0,True,True,False,False
389,0.0,0.0,0.0,True,True,False,False
390,0.01583239,0.058839444,0.9616666666666667,False,False,False,True
391,0.0,0.0,0.0,True,True,False,False
392,0.0,0.0,0.0,True,True,False,False
393,0.0,0.0,0.0,True,True,False,False
394,0.0,0.0,0.0,True,True,False,False
395,0.0,0.0,0.0,True,True,False,False
396,0.0,0.0,0.0,True,True,False,False
397,0.010888134,0.07097121,0.867,False,False,False,True
398,0.0,0.0,0.0,True,True,False,False
399,0.0,0.0,0.0,True,True,False,False
400,0.013923611,0.05933486,0.9333333333333333,False,False,False,True
401,0.014440932,0.067576475,0.917,False,False,False,True
402,0.0,0.0,0.0,True,True,False,False
403,0.0,0.0,0.0,True,True,False,False
404,0.0,0.0,0.0,True,True,False,False
405,0.012895014,0.062016428,0.9383333333333334,False,False,False,True
406,0.0,0.0,0.0,True,True,False,False
407,0.013621549,0.0559699,0.918,False,False,False,True
408,0.0,0.0,0.0,True,True,False,False
409,0.016317878,0.059679467,0.9483333333333334,False,False,False,True
410,0.0,0.0,0.0,True,True,False,False
411,0.0,0.0,0.0,True,True,False,False
412,0.0,0.0,0.0,True,True,False,False
413,0.012740056,0.047655806,0.8996666666666666,False,False,False,True
414,0.0,0.0,0.0,True,True,False,False
415,0.0,0.0,0.0,True,True,False,False
416,0.019652281,0.07856407,0.945,False,False,False,True
417,0.0,0.0,0.0,True,True,False,False
418,0.0,0.0,0.0,True,True,False,False
419,0.0,0.0,0.0,True,True,False,False
420,0.0,0.0,0.0,True,True,False,False
421,0.0,0.0,0.0,True,True,False,False
422,0.0,0.0,0.0,True,True,False,False
423,0.0,0.0,0.0,True,True,False,False
424,0.017024752,0.08810166,0.9283333333333333,False,False,False,True
425,0.0,0.0,0.0,True,True,False,False
426,0.0,0.0,0.0,True,True,False,False
427,0.0,0.0,0.0,True,True,False,False
428,0.0,0.0,0.0,True,True,False,False
429,0.014453449,0.050482564,0.922,False,False,False,True
430,0.0,0.0,0.0,True,True,False,False
431,0.02240483,0.07002639,0.939,False,False,False,True
432,0.0,0.0,0.0,True,True,False,False
433,0.013158286,0.056753915,0.9326666666666666,False,False,False,True
434,0.0,0.0,0.0,True,True,False,False
435,0.0,0.0,0.0,True,True,False,False
436,0.0,0.0,0.0,True,True,False,False
437,0.0,0.0,0.0,True,True,False,False
438,0.01714177,0.10574496,0.9256666666666666,False,False,False,True
439,0.0,0.0,0.0,True,True,False,False
440,0.013217411,0.07905373,0.9053333333333333,False,False,False,True
441,0.0,0.0,0.0,True,True,False,False
442,0.0,0.0,0.0,True,True,False,False
443,0.0,0.0,0.0,True,True,False,False
444,0.0,0.0,0.0,True,True,False,False
445,0.0,0.0,0.0,True,True,False,False
446,0.014162777,0.058283195,0.9263333333333333,False,False,False,True
447,0.0,0.0,0.0,True,True,False,False
448,0.0,0.0,0.0,True,True,False,False
449,0.0,0.0,0.0,True,True,False,False
450,0.013316404,0.058394596,0.9326666666666666,False,False,False,True
451,0.011051825,0.047409765,0.912,False,False,False,True
452,0.012726049,0.07467637,0.9153333333333333,False,False,False,True
453,0.0,0.0,0.0,True,True,False,False
454,0.0,0.0,0.0,True,True,False,False
455,0.0,0.0,0.0,True,True,False,False
456,0.0,0.0,0.0,True,True,False,False
457,0.0,0.0,0.0,True,True,False,False
458,0.0,0.0,0.0,True,True,False,False
459,0.011496322,0.043059614,0.92,False,False,False,True
460,0.0,0.0,0.0,True,True,False,False
461,0.013447188,0.050074764,0.915,False,False,False,True
462,0.0,0.0,0.0,True,True,False,False
463,0.0,0.0,0.0,True,True,False,False
464,0.0,0.0,0.0,True,True,False,False
465,0.0,0.0,0.0,True,True,False,False
466,0.0,0.0,0.0,True,True,False,False
467,0.0,0.0,0.0,True,True,False,False
468,0.0,0.0,0.0,True,True,False,False
469,0.017572397,0.068248376,0.939,False,False,False,True
470,0.0,0.0,0.0,True,True,False,False
471,0.0,0.0,0.0,True,True,False,False
472,0.011100859,0.05138403,0.9203333333333333,False,False,False,True
473,0.0,0.0,0.0,True,True,False,False
474,0.017933162,0.06816192,0.9436666666666667,False,False,False,True
475,0.016896842,0.08677886,0.9336666666666666,False,False,False,True
476,0.0,0.0,0.0,True,True,False,False
477,0.0,0.0,0.0,True,True,False,False
478,0.014164116,0.049854435,0.935,False,False,False,True
479,0.0,0.0,0.0,True,True,False,False
480,0.0,0.0,0.0,True,True,False,False
481,0.0,0.0,0.0,True,True,False,False
482,0.0,0.0,0.0,True,True,False,False
483,0.0,0.0,0.0,True,True,False,False
484,0.0,0.0,0.0,True,True,False,False
485,0.0,0.0,0.0,True,True,False,False
486,0.0,0.0,0.0,True,True,False,False
487,0.0,0.0,0.0,True,True,False,False
488,0.0,0.0,0.0,True,True,False,False
489,0.0,0.0,0.0,True,True,False,False
490,0.0,0.0,0.0,True,True,False,False
491,0.0,0.0,0.0,True,True,False,False
492,0.014327498,0.057268783,0.9206666666666666,False,False,False,True
493,0.0,0.0,0.0,True,True,False,False
494,0.0,0.0,0.0,True,True,False,False
495,0.0,0.0,0.0,True,True,False,False
496,0.0,0.0,0.0,True,True,False,False
497,0.0,0.0,0.0,True,True,False,False
498,0.0,0.0,0.0,True,True,False,False
499,0.0,0.0,0.0,True,True,False,False
500,0.010068143,0.047166526,0.881,False,False,False,True
501,0.0,0.0,0.0,True,True,False,False
502,0.0,0.0,0.0,True,True,False,False
503,0.0,0.0,0.0,True,True,False,False
504,0.0,0.0,0.0,True,True,False,False
505,0.0,0.0,0.0,True,True,False,False
506,0.0,0.0,0.0,True,True,False,False
507,0.0,0.0,0.0,True,True,False,False
508,0.0,0.0,0.0,True,True,False,False
509,0.0,0.0,0.0,True,True,False,False
510,0.0,0.0,0.0,True,True,False,False
511,0.0,0.0,0.0,True,True,False,False
512,0.0155229615,0.071126066,0.919,False,False,False,True
513,0.0,0.0,0.0,True,True,False,False
514,0.0,0.0,0.0,True,True,False,False
515,0.010124711,0.06249088,0.8836666666666667,False,False,False,True
516,0.01848221,0.091074586,0.9253333333333333,False,False,False,True
517,0.0,0.0,0.0,True,True,False,False
518,0.02125707,0.099918835,0.9496666666666667,False,False,False,True
519,0.021283653,0.09195889,0.939,False,False,False,True
520,0.0,0.0,0.0,True,True,False,False
521,0.0,0.0,0.0,True,True,False,False
522,0.043897215,0.11248249,0.9726666666666667,False,False,False,True
523,0.0,0.0,0.0,True,True,False,False
524,0.0,0.0,0.0,True,True,False,False
525,0.007841999,0.058835413,0.876,False,False,False,True
526,0.0,0.0,0.0,True,True,False,False
527,0.0,0.0,0.0,True,True,False,False
528,0.010079299,0.05520716,0.8903333333333333,False,False,False,True
529,0.015158694,0.07845594,0.921,False,False,False,True
530,0.0,0.0,0.0,True,True,False,False
531,0.0,0.0,0.0,True,True,False,False
532,0.0,0.0,0.0,True,True,False,False
533,0.0,0.0,0.0,True,True,False,False
534,0.0,0.0,0.0,True,True,False,False
535,0.024525573,0.086881526,0.9463333333333334,False,False,False,True
536,0.0,0.0,0.0,True,True,False,False
537,0.0,0.0,0.0,True,True,False,False
538,0.0,0.0,0.0,True,True,False,False
539,0.012031496,0.053172268,0.943,False,False,False,True
540,0.015455671,0.048729695,0.9193333333333333,False,False,False,True
541,0.017311541,0.08622295,0.9463333333333334,False,False,False,True
542,0.0,0.0,0.0,True,True,False,False
543,0.0,0.0,0.0,True,True,False,False
544,0.03172511,0.08593176,0.9696666666666667,False,False,False,True
545,0.0,0.0,0.0,True,True,False,False
546,0.018914983,0.048954807,0.9233333333333333,False,False,False,True
547,0.01481825,0.047416843,0.946,False,False,False,True
548,0.0,0.0,0.0,True,True,False,False
549,0.0,0.0,0.0,True,True,False,False
550,0.0,0.0,0.0,True,True,False,False
551,0.0,0.0,0.0,True,True,False,False
552,0.0,0.0,0.0,True,True,False,False
553,0.0,0.0,0.0,True,True,False,False
554,0.0,0.0,0.0,True,True,False,False
555,0.0,0.0,0.0,True,True,False,False
556,0.0,0.0,0.0,True,True,False,False
557,0.0,0.0,0.0,True,True,False,False
558,0.0,0.0,0.0,True,True,False,False
559,0.0,0.0,0.0,True,True,False,False
560,0.0,0.0,0.0,True,True,False,False
561,0.0,0.0,0.0,True,True,False,False
562,0.0,0.0,0.0,True,True,False,False
563,0.0,0.0,0.0,True,True,False,False
564,0.021060854,0.10092913,0.939,False,False,False,True
565,0.022891002,0.11160931,0.964,False,False,False,True
566,0.0,0.0,0.0,True,True,False,False
567,0.0,0.0,0.0,True,True,False,False
568,0.0,0.0,0.0,True,True,False,False
569,0.020634376,0.09141596,0.9506666666666667,False,False,False,True
570,0.0,0.0,0.0,True,True,False,False
571,0.0,0.0,0.0,True,True,False,False
572,0.0,0.0,0.0,True,True,False,False
573,0.0,0.0,0.0,True,True,False,False
574,0.0,0.0,0.0,True,True,False,False
575,0.0,0.0,0.0,True,True,False,False
576,0.0,0.0,0.0,True,True,False,False
577,0.009860558,0.046391476,0.8806666666666667,False,False,False,True
578,0.0,0.0,0.0,True,True,False,False
579,0.0,0.0,0.0,True,True,False,False
580,0.01790779,0.074620135,0.9336666666666666,False,False,False,True
581,0.0,0.0,0.0,True,True,False,False
582,0.0,0.0,0.0,True,True,False,False
583,0.0,0.0,0.0,True,True,False,False
584,0.0,0.0,0.0,True,True,False,False
585,0.0,0.0,0.0,True,True,False,False
586,0.014882057,0.0586815,0.9253333333333333,False,False,False,True
587,0.01313408,0.039001282,0.905,False,False,False,True
588,0.023357762,0.071004674,0.9583333333333334,False,False,False,True
589,0.0,0.0,0.0,True,True,False,False
590,0.0,0.0,0.0,True,True,False,False
591,0.0,0.0,0.0,True,True,False,False
592,0.0,0.0,0.0,True,True,False,False
593,0.0,0.0,0.0,True,True,False,False
594,0.0,0.0,0.0,True,True,False,False
595,0.017911576,0.070852086,0.9323333333333333,False,False,False,True
596,0.0,0.0,0.0,True,True,False,False
597,0.0,0.0,0.0,True,True,False,False
598,0.013826215,0.060254343,0.9336666666666666,False,False,False,True
599,0.0,0.0,0.0,True,True,False,False
600,0.0,0.0,0.0,True,True,False,False
601,0.0,0.0,0.0,True,True,False,False
602,0.0,0.0,0.0,True,True,False,False
603,0.0,0.0,0.0,True,True,False,False
604,0.0,0.0,0.0,True,True,False,False
605,0.040358484,0.10073086,0.9723333333333334,False,False,False,True
606,0.0,0.0,0.0,True,True,False,False
607,0.0,0.0,0.0,True,True,False,False
608,0.0,0.0,0.0,True,True,False,False
609,0.0,0.0,0.0,True,True,False,False
610,0.0,0.0,0.0,True,True,False,False
611,0.0,0.0,0.0,True,True,False,False
612,0.0,0.0,0.0,True,True,False,False
613,0.0,0.0,0.0,True,True,False,False
614,0.0,0.0,0.0,True,True,False,False
615,0.0,0.0,0.0,True,True,False,False
616,0.01918047,0.08457105,0.9353333333333333,False,False,False,True
617,0.0,0.0,0.0,True,True,False,False
618,0.0,0.0,0.0,True,True,False,False
619,0.0,0.0,0.0,True,True,False,False
620,0.0,0.0,0.0,True,True,False,False
621,0.0,0.0,0.0,True,True,False,False
622,0.011972423,0.04303487,0.93,False,False,False,True
623,0.0,0.0,0.0,True,True,False,False
624,0.0,0.0,0.0,True,True,False,False
625,0.0,0.0,0.0,True,True,False,False
626,0.01139361,0.04014696,0.9123333333333333,False,False,False,True
627,0.0,0.0,0.0,True,True,False,False
628,0.0,0.0,0.0,True,True,False,False
629,0.01691651,0.09063108,0.9466666666666667,False,False,False,True
630,0.0,0.0,0.0,True,True,False,False
631,0.0,0.0,0.0,True,True,False,False
632,0.0,0.0,0.0,True,True,False,False
633,0.0,0.0,0.0,True,True,False,False
634,0.02035485,0.083726555,0.9393333333333334,False,False,False,True
635,0.006351801,0.20278005,0.22766666666666666,False,False,False,True
636,0.0,0.0,0.0,True,True,False,False
637,0.0,0.0,0.0,True,True,False,False
638,0.0,0.0,0.0,True,True,False,False
639,0.0,0.0,0.0,True,True,False,False
640,0.0,0.0,0.0,True,True,False,False
641,0.024064766,0.09995052,0.9536666666666667,False,False,False,True
642,0.012033117,0.056982663,0.9343333333333333,False,False,False,True
643,0.014225904,0.048367247,0.9206666666666666,False,False,False,True
644,0.0,0.0,0.0,True,True,False,False
645,0.0,0.0,0.0,True,True,False,False
646,0.0,0.0,0.0,True,True,False,False
647,0.0,0.0,0.0,True,True,False,False
648,0.0264236,0.09292831,0.962,False,False,False,True
649,0.0,0.0,0.0,True,True,False,False
650,0.014498877,0.086207785,0.9216666666666666,False,False,False,True
651,0.0,0.0,0.0,True,True,False,False
652,0.010803751,0.08075735,0.8946666666666667,False,False,False,True
653,0.0,0.0,0.0,True,True,False,False
654,0.0,0.0,0.0,True,True,False,False
655,0.0,0.0,0.0,True,True,False,False
656,0.02267602,0.09004283,0.9403333333333334,False,False,False,True
657,0.0,0.0,0.0,True,True,False,False
658,0.0,0.0,0.0,True,True,False,False
659,0.0,0.0,0.0,True,True,False,False
660,0.0,0.0,0.0,True,True,False,False
661,0.0,0.0,0.0,True,True,False,False
662,0.013823803,0.070312746,0.924,False,False,False,True
663,0.0,0.0,0.0,True,True,False,False
664,0.0,0.0,0.0,True,True,False,False
665,0.0,0.0,0.0,True,True,False,False
666,0.0,0.0,0.0,True,True,False,False
667,0.0,0.0,0.0,True,True,False,False
668,0.023043254,0.10744867,0.9486666666666667,False,False,False,True
669,0.018405898,0.077219725,0.937,False,False,False,True
670,0.0588512,0.23993771,0.9843333333333333,False,False,True,False
671,0.0,0.0,0.0,True,True,False,False
672,0.013734454,0.039646942,0.9306666666666666,False,False,False,True
673,0.012895215,0.0544739,0.9093333333333333,False,False,False,True
674,0.0,0.0,0.0,True,True,False,False
675,0.0,0.0,0.0,True,True,False,False
676,0.011255512,0.06044474,0.905,False,False,False,True
677,0.022419026,0.08052661,0.9553333333333334,False,False,False,True
678,0.0,0.0,0.0,True,True,False,False
679,0.012243787,0.04852456,0.9103333333333333,False,False,False,True
680,0.0,0.0,0.0,True,True,False,False
681,0.0,0.0,0.0,True,True,False,False
682,0.010313276,0.07597635,0.8753333333333333,False,False,False,True
683,0.0,0.0,0.0,True,True,False,False
684,0.0,0.0,0.0,True,True,False,False
685,0.01277528,0.0455899,0.926,False,False,False,True
686,0.0,0.0,0.0,True,True,False,False
687,0.015853727,0.05070121,0.949,False,False,False,True
688,0.0,0.0,0.0,True,True,False,False
689,0.0,0.0,0.0,True,True,False,False
690,0.0,0.0,0.0,True,True,False,False
691,0.0,0.0,0.0,True,True,False,False
692,0.0,0.0,0.0,True,True,False,False
693,0.0,0.0,0.0,True,True,False,False
694,0.0,0.0,0.0,True,True,False,False
695,0.0,0.0,0.0,True,True,False,False
696,0.0,0.0,0.0,True,True,False,False
697,0.01635236,0.11181343,0.9526666666666667,False,False,False,True
698,0.0,0.0,0.0,True,True,False,False
699,0.0,0.0,0.0,True,True,False,False
700,0.0,0.0,0.0,True,True,False,False
701,0.022851782,0.08386827,0.9626666666666667,False,False,False,True
702,0.0,0.0,0.0,True,True,False,False
703,0.0,0.0,0.0,True,True,False,False
704,0.054834966,0.24005742,0.9853333333333333,False,False,True,False
705,0.024958555,0.11375328,0.9516666666666667,False,False,False,True
706,0.0,0.0,0.0,True,True,False,False
707,0.016735885,0.05171366,0.9483333333333334,False,False,False,True
708,0.014273295,0.063857876,0.9203333333333333,False,False,False,True
709,0.0,0.0,0.0,True,True,False,False
710,0.0,0.0,0.0,True,True,False,False
711,0.0,0.0,0.0,True,True,False,False
712,0.02226332,0.10010029,0.9473333333333334,False,False,False,True
713,0.0,0.0,0.0,True,True,False,False
714,0.0,0.0,0.0,True,True,False,False
715,0.0,0.0,0.0,True,True,False,False
716,0.06515225,0.21204667,0.9846666666666667,False,False,True,False
717,0.0,0.0,0.0,True,True,False,False
718,0.0,0.0,0.0,True,True,False,False
719,0.0,0.0,0.0,True,True,False,False
720,0.0,0.0,0.0,True,True,False,False
721,0.012095618,0.043028966,0.899,False,False,False,True
722,0.0,0.0,0.0,True,True,False,False
723,0.010910278,0.048556764,0.8693333333333333,False,False,False,True
724,0.0,0.0,0.0,True,True,False,False
725,0.0,0.0,0.0,True,True,False,False
726,0.0,0.0,0.0,True,True,False,False
727,0.0,0.0,0.0,True,True,False,False
728,0.018230408,0.07305811,0.9433333333333334,False,False,False,True
729,0.0,0.0,0.0,True,True,False,False
730,0.0,0.0,0.0,True,True,False,False
731,0.0,0.0,0.0,True,True,False,False
732,0.0,0.0,0.0,True,True,False,False
733,0.0,0.0,0.0,True,True,False,False
734,0.016979264,0.06531366,0.941,False,False,False,True
735,0.0,0.0,0.0,True,True,False,False
736,0.01283343,0.057068635,0.9076666666666666,False,False,False,True
737,0.0,0.0,0.0,True,True,False,False
738,0.0,0.0,0.0,True,True,False,False
739,0.016070709,0.06427002,0.9443333333333334,False,False,False,True
740,0.0,0.0,0.0,True,True,False,False
741,0.0,0.0,0.0,True,True,False,False
742,0.0,0.0,0.0,True,True,False,False
743,0.0,0.0,0.0,True,True,False,False
744,0.0,0.0,0.0,True,True,False,False
745,0.0,0.0,0.0,True,True,False,False
746,0.0,0.0,0.0,True,True,False,False
747,0.0,0.0,0.0,True,True,False,False
748,0.0,0.0,0.0,True,True,False,False
749,0.0,0.0,0.0,True,True,False,False
750,0.0,0.0,0.0,True,True,False,False
751,0.017581033,0.064318806,0.9503333333333334,False,False,False,True
752,0.0,0.0,0.0,True,True,False,False
753,0.00013305164,0.054525048,0.023666666666666666,False,False,False,True
754,0.0,0.0,0.0,True,True,False,False
755,0.0,0.0,0.0,True,True,False,False
756,0.0,0.0,0.0,True,True,False,False
757,0.0,0.0,0.0,True,True,False,False
758,0.0,0.0,0.0,True,True,False,False
759,0.0,0.0,0.0,True,True,False,False
760,0.012058003,0.061512124,0.896,False,False,False,True
761,0.0,0.0,0.0,True,True,False,False
762,0.015593585,0.06793216,0.9426666666666667,False,False,False,True
763,0.0,0.0,0.0,True,True,False,False
764,0.0,0.0,0.0,True,True,False,False
765,0.016798431,0.06261243,0.9373333333333334,False,False,False,True
766,0.0,0.0,0.0,True,True,False,False
767,0.0,0.0,0.0,True,True,False,False
768,0.0,0.0,0.0,True,True,False,False
769,0.015153004,0.07770552,0.9123333333333333,False,False,False,True
770,0.0,0.0,0.0,True,True,False,False
771,0.012735148,0.039099477,0.9273333333333333,False,False,False,True
772,0.0,0.0,0.0,True,True,False,False
773,0.0,0.0,0.0,True,True,False,False
774,0.0,0.0,0.0,True,True,False,False
775,0.0,0.0,0.0,True,True,False,False
776,0.0,0.0,0.0,True,True,False,False
777,0.0,0.0,0.0,True,True,False,False
778,0.010309396,0.046714425,0.896,False,False,False,True
779,0.0,0.0,0.0,True,True,False,False
780,0.016046776,0.04753951,0.9353333333333333,False,False,False,True
781,0.016362885,0.07617861,0.933,False,False,False,True
782,0.0,0.0,0.0,True,True,False,False
783,0.01619521,0.066362135,0.9336666666666666,False,False,False,True
784,0.016349306,0.06302855,0.938,False,False,False,True
785,0.019409243,0.07630557,0.9523333333333334,False,False,False,True
786,0.0,0.0,0.0,True,True,False,False
787,0.0,0.0,0.0,True,True,False,False
788,0.0,0.0,0.0,True,True,False,False
789,0.013609075,0.04979686,0.9366666666666666,False,False,False,True
790,0.0,0.0,0.0,True,True,False,False
791,0.012690481,0.06850818,0.9313333333333333,False,False,False,True
792,0.020388404,0.09335723,0.931,False,False,False,True
793,0.0,0.0,0.0,True,True,False,False
794,0.0,0.0,0.0,True,True,False,False
795,0.012794853,0.05099672,0.9143333333333333,False,False,False,True
796,0.0,0.0,0.0,True,True,False,False
797,0.012647809,0.045131907,0.9153333333333333,False,False,False,True
798,0.0,0.0,0.0,True,True,False,False
799,0.0,0.0,0.0,True,True,False,False
800,0.0,0.0,0.0,True,True,False,False
801,0.042854656,0.09741416,0.977,False,False,False,True
802,0.0,0.0,0.0,True,True,False,False
803,0.0,0.0,0.0,True,True,False,False
804,0.0,0.0,0.0,True,True,False,False
805,0.0,0.0,0.0,True,True,False,False
806,0.0,0.0,0.0,True,True,False,False
807,0.0,0.0,0.0,True,True,False,False
808,0.008516237,0.055584818,0.8916666666666667,False,False,False,True
809,0.0,0.0,0.0,True,True,False,False
810,0.0,0.0,0.0,True,True,False,False
811,0.0,0.0,0.0,True,True,False,False
812,0.0,0.0,0.0,True,True,False,False
813,0.028470375,0.09100837,0.962,False,False,False,True
814,0.0,0.0,0.0,True,True,False,False
815,0.0,0.0,0.0,True,True,False,False
816,0.0,0.0,0.0,True,True,False,False
817,0.0,0.0,0.0,True,True,False,False
818,0.0,0.0,0.0,True,True,False,False
819,0.0,0.0,0.0,True,True,False,False
820,0.0,0.0,0.0,True,True,False,False
821,0.0,0.0,0.0,True,True,False,False
822,0.0,0.0,0.0,True,True,False,False
823,0.0,0.0,0.0,True,True,False,False
824,0.0,0.0,0.0,True,True,False,False
825,0.01234587,0.0591376,0.913,False,False,False,True
826,0.0,0.0,0.0,True,True,False,False
827,0.0,0.0,0.0,True,True,False,False
828,0.0,0.0,0.0,True,True,False,False
829,0.0,0.0,0.0,True,True,False,False
830,0.0,0.0,0.0,True,True,False,False
831,0.0,0.0,0.0,True,True,False,False
832,0.0,0.0,0.0,True,True,False,False
833,0.0,0.0,0.0,True,True,False,False
834,0.015608206,0.06681798,0.938,False,False,False,True
835,0.0,0.0,0.0,True,True,False,False
836,0.011323803,0.043579675,0.9256666666666666,False,False,False,True
837,0.0,0.0,0.0,True,True,False,False
838,0.0,0.0,0.0,True,True,False,False
839,0.0,0.0,0.0,True,True,False,False
840,0.0,0.0,0.0,True,True,False,False
841,0.0,0.0,0.0,True,True,False,False
842,0.014689904,0.056141242,0.9326666666666666,False,False,False,True
843,0.0,0.0,0.0,True,True,False,False
844,0.012391286,0.04705493,0.935,False,False,False,True
845,0.0,0.0,0.0,True,True,False,False
846,0.011847106,0.059634753,0.9226666666666666,False,False,False,True
847,0.0,0.0,0.0,True,True,False,False
848,0.0,0.0,0.0,True,True,False,False
849,0.0,0.0,0.0,True,True,False,False
850,0.0,0.0,0.0,True,True,False,False
851,0.0,0.0,0.0,True,True,False,False
852,0.01159423,0.056769073,0.92,False,False,False,True
853,0.0,0.0,0.0,True,True,False,False
854,0.0,0.0,0.0,True,True,False,False
855,0.022509456,0.099664316,0.9483333333333334,False,False,False,True
856,0.0,0.0,0.0,True,True,False,False
857,0.0,0.0,0.0,True,True,False,False
858,0.0,0.0,0.0,True,True,False,False
859,0.0,0.0,0.0,True,True,False,False
860,0.0,0.0,0.0,True,True,False,False
861,0.0,0.0,0.0,True,True,False,False
862,0.0,0.0,0.0,True,True,False,False
863,0.0,0.0,0.0,True,True,False,False
864,0.0,0.0,0.0,True,True,False,False
865,0.01314087,0.049595162,0.912,False,False,False,True
866,0.0,0.0,0.0,True,True,False,False
867,0.0,0.0,0.0,True,True,False,False
868,0.015300142,0.058631595,0.9436666666666667,False,False,False,True
869,0.0,0.0,0.0,True,True,False,False
870,0.0,0.0,0.0,True,True,False,False
871,0.0,0.0,0.0,True,True,False,False
872,0.0,0.0,0.0,True,True,False,False
873,0.0,0.0,0.0,True,True,False,False
874,0.0,0.0,0.0,True,True,False,False
875,0.0,0.0,0.0,True,True,False,False
876,0.0,0.0,0.0,True,True,False,False
877,0.0,0.0,0.0,True,True,False,False
878,0.0,0.0,0.0,True,True,False,False
879,0.0,0.0,0.0,True,True,False,False
880,0.017343918,0.07417832,0.9343333333333333,False,False,False,True
881,0.0,0.0,0.0,True,True,False,False
882,0.010510728,0.044861406,0.919,False,False,False,True
883,0.0,0.0,0.0,True,True,False,False
884,0.021457318,0.083935514,0.9536666666666667,False,False,False,True
885,0.0,0.0,0.0,True,True,False,False
886,0.0,0.0,0.0,True,True,False,False
887,0.0,0.0,0.0,True,True,False,False
888,0.0,0.0,0.0,True,True,False,False
889,0.0,0.0,0.0,True,True,False,False
890,0.0,0.0,0.0,True,True,False,False
891,0.0,0.0,0.0,True,True,False,False
892,0.00017538595,0.05401867,0.026,False,False,False,True
893,0.0,0.0,0.0,True,True,False,False
894,0.011480451,0.062570855,0.906,False,False,False,True
895,0.0,0.0,0.0,True,True,False,False
896,0.0,0.0,0.0,True,True,False,False
897,0.0,0.0,0.0,True,True,False,False
898,0.0,0.0,0.0,True,True,False,False
899,0.0,0.0,0.0,True,True,False,False
900,0.0,0.0,0.0,True,True,False,False
901,0.0,0.0,0.0,True,True,False,False
902,0.0,0.0,0.0,True,True,False,False
903,0.011735705,0.044417914,0.929,False,False,False,True
904,0.0,0.0,0.0,True,True,False,False
905,0.0,0.0,0.0,True,True,False,False
906,0.0,0.0,0.0,True,True,False,False
907,0.0,0.0,0.0,True,True,False,False
908,0.024784787,0.10762866,0.9576666666666667,False,False,False,True
909,0.0,0.0,0.0,True,True,False,False
910,0.0,0.0,0.0,True,True,False,False
911,0.0,0.0,0.0,True,True,False,False
912,0.0,0.0,0.0,True,True,False,False
913,0.0,0.0,0.0,True,True,False,False
914,0.0,0.0,0.0,True,True,False,False
915,0.0,0.0,0.0,True,True,False,False
916,0.0,0.0,0.0,True,True,False,False
917,0.0,0.0,0.0,True,True,False,False
918,0.0,0.0,0.0,True,True,False,False
919,0.026058244,0.10231607,0.9576666666666667,False,False,False,True
920,0.0,0.0,0.0,True,True,False,False
921,0.0,0.0,0.0,True,True,False,False
922,0.0,0.0,0.0,True,True,False,False
923,0.0,0.0,0.0,True,True,False,False
924,0.021161295,0.11500095,0.931,False,False,False,True
925,0.0,0.0,0.0,True,True,False,False
926,0.0,0.0,0.0,True,True,False,False
927,0.0,0.0,0.0,True,True,False,False
928,0.0,0.0,0.0,True,True,False,False
929,0.0,0.0,0.0,True,True,False,False
930,0.0,0.0,0.0,True,True,False,False
931,0.0,0.0,0.0,True,True,False,False
932,0.0,0.0,0.0,True,True,False,False
933,2.1618798e-06,0.004723219,0.0006666666666666666,False,True,False,False
934,0.0,0.0,0.0,True,True,False,False
935,0.0,0.0,0.0,True,True,False,False
936,0.04079452,0.14521138,0.9743333333333334,False,False,False,True
937,0.0,0.0,0.0,True,True,False,False
938,0.0,0.0,0.0,True,True,False,False
939,0.030038165,0.11691132,0.9696666666666667,False,False,False,True
940,0.0,0.0,0.0,True,True,False,False
941,0.0,0.0,0.0,True,True,False,False
942,0.0,0.0,0.0,True,True,False,False
943,0.011306828,0.07394636,0.8926666666666667,False,False,False,True
944,0.032007597,0.08959523,0.9696666666666667,False,False,False,True
945,0.0153097175,0.08905701,0.9306666666666666,False,False,False,True
946,0.013379347,0.06421083,0.911,False,False,False,True
947,0.080381095,0.17960943,0.985,False,False,True,False
948,0.02096815,0.055891395,0.958,False,False,False,True
949,0.0,0.0,0.0,True,True,False,False
950,0.014751634,0.06967545,0.9006666666666666,False,False,False,True
951,0.025440302,0.10261136,0.955,False,False,False,True
952,0.0,0.0,0.0,True,True,False,False
953,0.0,0.0,0.0,True,True,False,False
954,0.0142325135,0.06146963,0.9323333333333333,False,False,False,True
955,0.0,0.0,0.0,True,True,False,False
956,0.0,0.0,0.0,True,True,False,False
957,0.0,0.0,0.0,True,True,False,False
958,0.0,0.0,0.0,True,True,False,False
959,0.0,0.0,0.0,True,True,False,False
960,0.0,0.0,0.0,True,True,False,False
961,0.0,0.0,0.0,True,True,False,False
962,0.0,0.0,0.0,True,True,False,False
963,0.0,0.0,0.0,True,True,False,False
964,0.0,0.0,0.0,True,True,False,False
965,0.11417631,0.26657447,0.9976666666666667,False,False,True,False
966,0.0,0.0,0.0,True,True,False,False
967,0.0,0.0,0.0,True,True,False,False
968,0.0,0.0,0.0,True,True,False,False
969,0.0,0.0,0.0,True,True,False,False
970,0.0,0.0,0.0,True,True,False,False
971,0.0,0.0,0.0,True,True,False,False
972,0.0,0.0,0.0,True,True,False,False
973,0.0,0.0,0.0,True,True,False,False
974,0.0,0.0,0.0,True,True,False,False
975,0.0,0.0,0.0,True,True,False,False
976,0.0,0.0,0.0,True,True,False,False
977,0.0,0.0,0.0,True,True,False,False
978,0.014128017,0.06883451,0.94,False,False,False,True
979,0.0,0.0,0.0,True,True,False,False
980,0.011064128,0.0653186,0.932,False,False,False,True
981,0.021975217,0.0756214,0.9483333333333334,False,False,False,True
982,0.0,0.0,0.0,True,True,False,False
983,0.0,0.0,0.0,True,True,False,False
984,0.0,0.0,0.0,True,True,False,False
985,0.012590757,0.05576203,0.927,False,False,False,True
986,0.0,0.0,0.0,True,True,False,False
987,0.0,0.0,0.0,True,True,False,False
988,0.0,0.0,0.0,True,True,False,False
989,0.014854319,0.06567456,0.9213333333333333,False,False,False,True
990,0.0,0.0,0.0,True,True,False,False
991,0.027657656,0.07004982,0.961,False,False,False,True
992,0.0,0.0,0.0,True,True,False,False
993,0.0,0.0,0.0,True,True,False,False
994,0.0,0.0,0.0,True,True,False,False
995,0.0,0.0,0.0,True,True,False,False
996,0.0,0.0,0.0,True,True,False,False
997,0.01813132,0.0898914,0.9423333333333334,False,False,False,True
998,0.0,0.0,0.0,True,True,False,False
999,0.0,0.0,0.0,True,True,False,False
1000,0.0,0.0,0.0,True,True,False,False
1001,0.0,0.0,0.0,True,True,False,False
1002,0.0,0.0,0.0,True,True,False,False
1003,0.03357088,0.10034781,0.9756666666666667,False,False,False,True
1004,0.0,0.0,0.0,True,True,False,False
1005,0.008605459,0.049857743,0.8833333333333333,False,False,False,True
1006,0.022523534,0.10844782,0.9483333333333334,False,False,False,True
1007,0.020914204,0.094760984,0.948,False,False,False,True
1008,0.0,0.0,0.0,True,True,False,False
1009,0.0,0.0,0.0,True,True,False,False
1010,0.0,0.0,0.0,True,True,False,False
1011,0.0,0.0,0.0,True,True,False,False
1012,0.0,0.0,0.0,True,True,False,False
1013,0.0,0.0,0.0,True,True,False,False
1014,0.0,0.0,0.0,True,True,False,False
1015,0.0,0.0,0.0,True,True,False,False
1016,0.0,0.0,0.0,True,True,False,False
1017,0.01774086,0.076600455,0.9266666666666666,False,False,False,True
1018,0.0,0.0,0.0,True,True,False,False
1019,0.0,0.0,0.0,True,True,False,False
1020,0.0,0.0,0.0,True,True,False,False
1021,0.0,0.0,0.0,True,True,False,False
1022,0.013317582,0.06313878,0.9186666666666666,False,False,False,True
1023,0.0,0.0,0.0,True,True,False,False
